[{"name":"Zagrebačka županija","slug":"zagrebacka-zupanija","type":"zupanija","county":"","pop":304157},{"name":"Krapinsko-zagorska županija","slug":"krapinsko-zagorska-zupanija","type":"zupanija","county":"","pop":120942},{"name":"Sisačko-moslavačka županija","slug":"sisacko-moslavacka-zupanija","type":"zupanija","county":"","pop":138736},{"name":"Karlovačka županija","slug":"karlovacka-zupanija","type":"zupanija","county":"","pop":112343},{"name":"Varaždinska županija","slug":"varazdinska-zupanija","type":"zupanija","county":"","pop":159684},{"name":"Koprivničko-križevačka županija","slug":"koprivnicko-krizevacka-zupanija","type":"zupanija","county":"","pop":101661},{"name":"Bjelovarsko-bilogorska županija","slug":"bjelovarsko-bilogorska-zupanija","type":"zupanija","county":"","pop":103013},{"name":"Primorsko-goranska županija","slug":"primorsko-goranska-zupanija","type":"zupanija","county":"","pop":286964},{"name":"Ličko-senjska županija","slug":"licko-senjska-zupanija","type":"zupanija","county":"","pop":40380},{"name":"Virovitičko-podravska županija","slug":"viroviticko-podravska-zupanija","type":"zupanija","county":"","pop":70660},{"name":"Požeško-slavonska županija","slug":"pozesko-slavonska-zupanija","type":"zupanija","county":"","pop":60858},{"name":"Brodsko-posavska županija","slug":"brodsko-posavska-zupanija","type":"zupanija","county":"","pop":131693},{"name":"Zadarska županija","slug":"zadarska-zupanija","type":"zupanija","county":"","pop":170398},{"name":"Osječko-baranjska županija","slug":"osjecko-baranjska-zupanija","type":"zupanija","county":"","pop":271258},{"name":"Šibensko-kninska županija","slug":"sibensko-kninska-zupanija","type":"zupanija","county":"","pop":96624},{"name":"Vukovarsko-srijemska županija","slug":"vukovarsko-srijemska-zupanija","type":"zupanija","county":"","pop":141400},{"name":"Splitsko-dalmatinska županija","slug":"splitsko-dalmatinska-zupanija","type":"zupanija","county":"","pop":448543},{"name":"Istarska županija","slug":"istarska-zupanija","type":"zupanija","county":"","pop":211730},{"name":"Dubrovačko-neretvanska županija","slug":"dubrovacko-neretvanska-zupanija","type":"zupanija","county":"","pop":122783},{"name":"Međimurska županija","slug":"medimurska-zupanija","type":"zupanija","county":"","pop":110638},{"name":"Grad Zagreb","slug":"grad-zagreb-zupanija","type":"zupanija","county":"","pop":769944},{"name":"Dugo Selo","slug":"dugo-selo","type":"grad","county":"Zagrebačka županija","pop":18623},{"name":"Ivanić-Grad","slug":"ivanic-grad","type":"grad","county":"Zagrebačka županija","pop":13496},{"name":"Jastrebarsko","slug":"jastrebarsko","type":"grad","county":"Zagrebačka županija","pop":15223},{"name":"Samobor","slug":"samobor","type":"grad","county":"Zagrebačka županija","pop":37633},{"name":"Sveta Nedelja","slug":"sveta-nedelja","type":"grad","county":"Zagrebačka županija","pop":20703},{"name":"Sveti Ivan Zelina","slug":"sveti-ivan-zelina","type":"grad","county":"Zagrebačka županija","pop":15428},{"name":"Velika Gorica","slug":"velika-gorica","type":"grad","county":"Zagrebačka županija","pop":63517},{"name":"Vrbovec","slug":"vrbovec","type":"grad","county":"Zagrebačka županija","pop":13718},{"name":"Zaprešić","slug":"zapresic","type":"grad","county":"Zagrebačka županija","pop":25815},{"name":"Donja Stubica","slug":"donja-stubica","type":"grad","county":"Krapinsko-zagorska županija","pop":5617},{"name":"Klanjec","slug":"klanjec","type":"grad","county":"Krapinsko-zagorska županija","pop":2903},{"name":"Krapina","slug":"krapina","type":"grad","county":"Krapinsko-zagorska županija","pop":12318},{"name":"Oroslavje","slug":"oroslavje","type":"grad","county":"Krapinsko-zagorska županija","pop":6218},{"name":"Pregrada","slug":"pregrada","type":"grad","county":"Krapinsko-zagorska županija","pop":6513},{"name":"Zabok","slug":"zabok","type":"grad","county":"Krapinsko-zagorska županija","pop":8912},{"name":"Zlatar","slug":"zlatar","type":"grad","county":"Krapinsko-zagorska županija","pop":6008},{"name":"Glina","slug":"glina","type":"grad","county":"Sisačko-moslavačka županija","pop":8106},{"name":"Hrvatska Kostajnica","slug":"hrvatska-kostajnica","type":"grad","county":"Sisačko-moslavačka županija","pop":2302},{"name":"Kutina","slug":"kutina","type":"grad","county":"Sisačko-moslavačka županija","pop":20712},{"name":"Novska","slug":"novska","type":"grad","county":"Sisačko-moslavačka županija","pop":12208},{"name":"Petrinja","slug":"petrinja","type":"grad","county":"Sisačko-moslavačka županija","pop":22317},{"name":"Popovača","slug":"popovaca","type":"grad","county":"Sisačko-moslavačka županija","pop":10718},{"name":"Sisak","slug":"sisak","type":"grad","county":"Sisačko-moslavačka županija","pop":42604},{"name":"Duga Resa","slug":"duga-resa","type":"grad","county":"Karlovačka županija","pop":10918},{"name":"Karlovac","slug":"karlovac","type":"grad","county":"Karlovačka županija","pop":51614},{"name":"Ogulin","slug":"ogulin","type":"grad","county":"Karlovačka županija","pop":12213},{"name":"Ozalj","slug":"ozalj","type":"grad","county":"Karlovačka županija","pop":6318},{"name":"Slunj","slug":"slunj","type":"grad","county":"Karlovačka županija","pop":4813},{"name":"Ivanec","slug":"ivanec","type":"grad","county":"Varaždinska županija","pop":13412},{"name":"Lepoglava","slug":"lepoglava","type":"grad","county":"Varaždinska županija","pop":7813},{"name":"Ludbreg","slug":"ludbreg","type":"grad","county":"Varaždinska županija","pop":8406},{"name":"Novi Marof","slug":"novi-marof","type":"grad","county":"Varaždinska županija","pop":12618},{"name":"Varaždin","slug":"varazdin","type":"grad","county":"Varaždinska županija","pop":46310},{"name":"Varaždinske Toplice","slug":"varazdinske-toplice","type":"grad","county":"Varaždinska županija","pop":6213},{"name":"Đurđevac","slug":"durdevac","type":"grad","county":"Koprivničko-križevačka županija","pop":7908},{"name":"Koprivnica","slug":"koprivnica","type":"grad","county":"Koprivničko-križevačka županija","pop":30813},{"name":"Križevci","slug":"krizevci","type":"grad","county":"Koprivničko-križevačka županija","pop":20508},{"name":"Bjelovar","slug":"bjelovar","type":"grad","county":"Bjelovarsko-bilogorska županija","pop":38706},{"name":"Čazma","slug":"cazma","type":"grad","county":"Bjelovarsko-bilogorska županija","pop":8013},{"name":"Daruvar","slug":"daruvar","type":"grad","county":"Bjelovarsko-bilogorska županija","pop":10218},{"name":"Garešnica","slug":"garesnica","type":"grad","county":"Bjelovarsko-bilogorska županija","pop":9108},{"name":"Grubišno Polje","slug":"grubisno-polje","type":"grad","county":"Bjelovarsko-bilogorska županija","pop":5812},{"name":"Bakar","slug":"bakar","type":"grad","county":"Primorsko-goranska županija","pop":7813},{"name":"Cres","slug":"cres","type":"grad","county":"Primorsko-goranska županija","pop":2705},{"name":"Crikvenica","slug":"crikvenica","type":"grad","county":"Primorsko-goranska županija","pop":10812},{"name":"Čabar","slug":"cabar","type":"grad","county":"Primorsko-goranska županija","pop":3208},{"name":"Delnice","slug":"delnice","type":"grad","county":"Primorsko-goranska županija","pop":5312},{"name":"Kastav","slug":"kastav","type":"grad","county":"Primorsko-goranska županija","pop":10418},{"name":"Kraljevica","slug":"kraljevica","type":"grad","county":"Primorsko-goranska županija","pop":4413},{"name":"Krk","slug":"krk","type":"grad","county":"Primorsko-goranska županija","pop":6213},{"name":"Mali Lošinj","slug":"mali-losinj","type":"grad","county":"Primorsko-goranska županija","pop":7812},{"name":"Novi Vinodolski","slug":"novi-vinodolski","type":"grad","county":"Primorsko-goranska županija","pop":4608},{"name":"Opatija","slug":"opatija","type":"grad","county":"Primorsko-goranska županija","pop":11512},{"name":"Rab","slug":"rab","type":"grad","county":"Primorsko-goranska županija","pop":8013},{"name":"Rijeka","slug":"rijeka","type":"grad","county":"Primorsko-goranska županija","pop":107916},{"name":"Vrbovsko","slug":"vrbovsko","type":"grad","county":"Primorsko-goranska županija","pop":4308},{"name":"Gospić","slug":"gospic","type":"grad","county":"Ličko-senjska županija","pop":11308},{"name":"Novalja","slug":"novalja","type":"grad","county":"Ličko-senjska županija","pop":3812},{"name":"Otočac","slug":"otocac","type":"grad","county":"Ličko-senjska županija","pop":8912},{"name":"Senj","slug":"senj","type":"grad","county":"Ličko-senjska županija","pop":6412},{"name":"Orahovica","slug":"orahovica","type":"grad","county":"Virovitičko-podravska županija","pop":4908},{"name":"Slatina","slug":"slatina","type":"grad","county":"Virovitičko-podravska županija","pop":12712},{"name":"Virovitica","slug":"virovitica","type":"grad","county":"Virovitičko-podravska županija","pop":20812},{"name":"Kutjevo","slug":"kutjevo","type":"grad","county":"Požeško-slavonska županija","pop":5912},{"name":"Lipik","slug":"lipik","type":"grad","county":"Požeško-slavonska županija","pop":5713},{"name":"Pakrac","slug":"pakrac","type":"grad","county":"Požeško-slavonska županija","pop":7612},{"name":"Pleternica","slug":"pleternica","type":"grad","county":"Požeško-slavonska županija","pop":10312},{"name":"Požega","slug":"pozega","type":"grad","county":"Požeško-slavonska županija","pop":25612},{"name":"Nova Gradiška","slug":"nova-gradiska","type":"grad","county":"Brodsko-posavska županija","pop":13108},{"name":"Slavonski Brod","slug":"slavonski-brod","type":"grad","county":"Brodsko-posavska županija","pop":51112},{"name":"Benkovac","slug":"benkovac","type":"grad","county":"Zadarska županija","pop":9412},{"name":"Biograd na Moru","slug":"biograd-na-moru","type":"grad","county":"Zadarska županija","pop":5813},{"name":"Nin","slug":"nin","type":"grad","county":"Zadarska županija","pop":2812},{"name":"Obrovac","slug":"obrovac","type":"grad","county":"Zadarska županija","pop":3608},{"name":"Pag","slug":"pag","type":"grad","county":"Zadarska županija","pop":3812},{"name":"Zadar","slug":"zadar","type":"grad","county":"Zadarska županija","pop":75008},{"name":"Beli Manastir","slug":"beli-manastir","type":"grad","county":"Osječko-baranjska županija","pop":9812},{"name":"Belišće","slug":"belisce","type":"grad","county":"Osječko-baranjska županija","pop":9412},{"name":"Donji Miholjac","slug":"donji-miholjac","type":"grad","county":"Osječko-baranjska županija","pop":8412},{"name":"Đakovo","slug":"dakovo","type":"grad","county":"Osječko-baranjska županija","pop":26108},{"name":"Našice","slug":"nasice","type":"grad","county":"Osječko-baranjska županija","pop":15312},{"name":"Osijek","slug":"osijek","type":"grad","county":"Osječko-baranjska županija","pop":104712},{"name":"Valpovo","slug":"valpovo","type":"grad","county":"Osječko-baranjska županija","pop":10812},{"name":"Drniš","slug":"drnis","type":"grad","county":"Šibensko-kninska županija","pop":6712},{"name":"Knin","slug":"knin","type":"grad","county":"Šibensko-kninska županija","pop":13412},{"name":"Skradin","slug":"skradin","type":"grad","county":"Šibensko-kninska županija","pop":3512},{"name":"Šibenik","slug":"sibenik","type":"grad","county":"Šibensko-kninska županija","pop":42712},{"name":"Vodice","slug":"vodice","type":"grad","county":"Šibensko-kninska županija","pop":8812},{"name":"Ilok","slug":"ilok","type":"grad","county":"Vukovarsko-srijemska županija","pop":5812},{"name":"Otok","slug":"otok","type":"grad","county":"Vukovarsko-srijemska županija","pop":8512},{"name":"Vinkovci","slug":"vinkovci","type":"grad","county":"Vukovarsko-srijemska županija","pop":32612},{"name":"Vukovar","slug":"vukovar","type":"grad","county":"Vukovarsko-srijemska županija","pop":24612},{"name":"Županja","slug":"zupanja","type":"grad","county":"Vukovarsko-srijemska županija","pop":11108},{"name":"Hvar","slug":"hvar","type":"grad","county":"Splitsko-dalmatinska županija","pop":4112},{"name":"Imotski","slug":"imotski","type":"grad","county":"Splitsko-dalmatinska županija","pop":10108},{"name":"Kaštela","slug":"kastela","type":"grad","county":"Splitsko-dalmatinska županija","pop":40512},{"name":"Komiža","slug":"komiza","type":"grad","county":"Splitsko-dalmatinska županija","pop":1412},{"name":"Makarska","slug":"makarska","type":"grad","county":"Splitsko-dalmatinska županija","pop":13812},{"name":"Omiš","slug":"omis","type":"grad","county":"Splitsko-dalmatinska županija","pop":14712},{"name":"Sinj","slug":"sinj","type":"grad","county":"Splitsko-dalmatinska županija","pop":23712},{"name":"Solin","slug":"solin","type":"grad","county":"Splitsko-dalmatinska županija","pop":26012},{"name":"Split","slug":"split","type":"grad","county":"Splitsko-dalmatinska županija","pop":167121},{"name":"Stari Grad","slug":"stari-grad","type":"grad","county":"Splitsko-dalmatinska županija","pop":2712},{"name":"Supetar","slug":"supetar","type":"grad","county":"Splitsko-dalmatinska županija","pop":4112},{"name":"Trilj","slug":"trilj","type":"grad","county":"Splitsko-dalmatinska županija","pop":9012},{"name":"Trogir","slug":"trogir","type":"grad","county":"Splitsko-dalmatinska županija","pop":12912},{"name":"Vis","slug":"vis","type":"grad","county":"Splitsko-dalmatinska županija","pop":1712},{"name":"Vrgorac","slug":"vrgorac","type":"grad","county":"Splitsko-dalmatinska županija","pop":6012},{"name":"Vrlika","slug":"vrlika","type":"grad","county":"Splitsko-dalmatinska županija","pop":1912},{"name":"Buje","slug":"buje","type":"grad","county":"Istarska županija","pop":4912},{"name":"Buzet","slug":"buzet","type":"grad","county":"Istarska županija","pop":5912},{"name":"Labin","slug":"labin","type":"grad","county":"Istarska županija","pop":11112},{"name":"Novigrad","slug":"novigrad","type":"grad","county":"Istarska županija","pop":4512},{"name":"Pazin","slug":"pazin","type":"grad","county":"Istarska županija","pop":8612},{"name":"Poreč","slug":"porec","type":"grad","county":"Istarska županija","pop":16712},{"name":"Pula","slug":"pula","type":"grad","county":"Istarska županija","pop":56512},{"name":"Rovinj","slug":"rovinj","type":"grad","county":"Istarska županija","pop":14312},{"name":"Umag","slug":"umag","type":"grad","county":"Istarska županija","pop":13412},{"name":"Vodnjan","slug":"vodnjan","type":"grad","county":"Istarska županija","pop":6112},{"name":"Dubrovnik","slug":"dubrovnik","type":"grad","county":"Dubrovačko-neretvanska županija","pop":41612},{"name":"Korčula","slug":"korcula","type":"grad","county":"Dubrovačko-neretvanska županija","pop":5612},{"name":"Metković","slug":"metkovic","type":"grad","county":"Dubrovačko-neretvanska županija","pop":15212},{"name":"Opuzen","slug":"opuzen","type":"grad","county":"Dubrovačko-neretvanska županija","pop":3108},{"name":"Ploče","slug":"ploce","type":"grad","county":"Dubrovačko-neretvanska županija","pop":9312},{"name":"Čakovec","slug":"cakovec","type":"grad","county":"Međimurska županija","pop":27012},{"name":"Mursko Središće","slug":"mursko-sredisce","type":"grad","county":"Međimurska županija","pop":6212},{"name":"Prelog","slug":"prelog","type":"grad","county":"Međimurska županija","pop":7612},{"name":"Zagreb","slug":"zagreb","type":"grad","county":"Grad Zagreb","pop":769944},{"name":"Bedenica","slug":"bedenica","type":"opcina","county":"Zagrebačka županija","pop":1181},{"name":"Bistra","slug":"bistra","type":"opcina","county":"Zagrebačka županija","pop":6518},{"name":"Brckovljani","slug":"brckovljani","type":"opcina","county":"Zagrebačka županija","pop":7317},{"name":"Brdovec","slug":"brdovec","type":"opcina","county":"Zagrebačka županija","pop":11728},{"name":"Dubrava","slug":"dubrava","type":"opcina","county":"Zagrebačka županija","pop":3931},{"name":"Dubravica","slug":"dubravica","type":"opcina","county":"Zagrebačka županija","pop":1622},{"name":"Farkaševac","slug":"farkasevac","type":"opcina","county":"Zagrebačka županija","pop":1825},{"name":"Gradec","slug":"gradec","type":"opcina","county":"Zagrebačka županija","pop":3266},{"name":"Jakovlje","slug":"jakovlje","type":"opcina","county":"Zagrebačka županija","pop":4184},{"name":"Klinča Sela","slug":"klinca-sela","type":"opcina","county":"Zagrebačka županija","pop":5015},{"name":"Krašić","slug":"krasic","type":"opcina","county":"Zagrebačka županija","pop":2275},{"name":"Kravarsko","slug":"kravarsko","type":"opcina","county":"Zagrebačka županija","pop":1736},{"name":"Luka","slug":"luka","type":"opcina","county":"Zagrebačka županija","pop":1397},{"name":"Marija Gorica","slug":"marija-gorica","type":"opcina","county":"Zagrebačka županija","pop":2318},{"name":"Orle","slug":"orle","type":"opcina","county":"Zagrebačka županija","pop":1643},{"name":"Pisarovina","slug":"pisarovina","type":"opcina","county":"Zagrebačka županija","pop":3254},{"name":"Pokupsko","slug":"pokupsko","type":"opcina","county":"Zagrebačka županija","pop":2010},{"name":"Preseka","slug":"preseka","type":"opcina","county":"Zagrebačka županija","pop":1295},{"name":"Pušća","slug":"pusca","type":"opcina","county":"Zagrebačka županija","pop":2709},{"name":"Rakovec","slug":"rakovec","type":"opcina","county":"Zagrebačka županija","pop":1113},{"name":"Rugvica","slug":"rugvica","type":"opcina","county":"Zagrebačka županija","pop":7818},{"name":"Stupnik","slug":"stupnik","type":"opcina","county":"Zagrebačka županija","pop":4052},{"name":"Žumberak","slug":"zumberak","type":"opcina","county":"Zagrebačka županija","pop":581},{"name":"Kloštar Ivanić","slug":"klostar-ivanic","type":"opcina","county":"Zagrebačka županija","pop":5600},{"name":"Križ","slug":"kriz","type":"opcina","county":"Zagrebačka županija","pop":5725},{"name":"Bedekovčina","slug":"bedekovcina","type":"opcina","county":"Krapinsko-zagorska županija","pop":7653},{"name":"Budinščina","slug":"budinscina","type":"opcina","county":"Krapinsko-zagorska županija","pop":2352},{"name":"Desinić","slug":"desinic","type":"opcina","county":"Krapinsko-zagorska županija","pop":2489},{"name":"Đurmanec","slug":"durmanec","type":"opcina","county":"Krapinsko-zagorska županija","pop":3697},{"name":"Gornja Stubica","slug":"gornja-stubica","type":"opcina","county":"Krapinsko-zagorska županija","pop":4863},{"name":"Hrašćina","slug":"hrascina","type":"opcina","county":"Krapinsko-zagorska županija","pop":1386},{"name":"Hum na Sutli","slug":"hum-na-sutli","type":"opcina","county":"Krapinsko-zagorska županija","pop":4543},{"name":"Jesenje","slug":"jesenje","type":"opcina","county":"Krapinsko-zagorska županija","pop":1289},{"name":"Konjščina","slug":"konjscina","type":"opcina","county":"Krapinsko-zagorska županija","pop":3497},{"name":"Krapinske Toplice","slug":"krapinske-toplice","type":"opcina","county":"Krapinsko-zagorska županija","pop":5193},{"name":"Kumrovec","slug":"kumrovec","type":"opcina","county":"Krapinsko-zagorska županija","pop":1304},{"name":"Lobor","slug":"lobor","type":"opcina","county":"Krapinsko-zagorska županija","pop":2667},{"name":"Mače","slug":"mace","type":"opcina","county":"Krapinsko-zagorska županija","pop":2110},{"name":"Marija Bistrica","slug":"marija-bistrica","type":"opcina","county":"Krapinsko-zagorska županija","pop":5322},{"name":"Mihovljan","slug":"mihovljan","type":"opcina","county":"Krapinsko-zagorska županija","pop":1728},{"name":"Novi Golubovec","slug":"novi-golubovec","type":"opcina","county":"Krapinsko-zagorska županija","pop":889},{"name":"Petrovsko","slug":"petrovsko","type":"opcina","county":"Krapinsko-zagorska županija","pop":2283},{"name":"Radoboj","slug":"radoboj","type":"opcina","county":"Krapinsko-zagorska županija","pop":3066},{"name":"Stubičke Toplice","slug":"stubicke-toplice","type":"opcina","county":"Krapinsko-zagorska županija","pop":2593},{"name":"Sveti Križ Začretje","slug":"sveti-kriz-zacretje","type":"opcina","county":"Krapinsko-zagorska županija","pop":5844},{"name":"Tuhelj","slug":"tuhelj","type":"opcina","county":"Krapinsko-zagorska županija","pop":1855},{"name":"Veliko Trgovišće","slug":"veliko-trgovisce","type":"opcina","county":"Krapinsko-zagorska županija","pop":4482},{"name":"Zagorska Sela","slug":"zagorska-sela","type":"opcina","county":"Krapinsko-zagorska županija","pop":855},{"name":"Kraljevec na Sutli","slug":"kraljevec-na-sutli","type":"opcina","county":"Krapinsko-zagorska županija","pop":1412},{"name":"Zlatar Bistrica","slug":"zlatar-bistrica","type":"opcina","county":"Krapinsko-zagorska županija","pop":2561},{"name":"Donji Kukuruzari","slug":"donji-kukuruzari","type":"opcina","county":"Sisačko-moslavačka županija","pop":1334},{"name":"Dvor","slug":"dvor","type":"opcina","county":"Sisačko-moslavačka županija","pop":4242},{"name":"Gvozd","slug":"gvozd","type":"opcina","county":"Sisačko-moslavačka županija","pop":2384},{"name":"Hrvatska Dubica","slug":"hrvatska-dubica","type":"opcina","county":"Sisačko-moslavačka županija","pop":1547},{"name":"Jasenovac","slug":"jasenovac","type":"opcina","county":"Sisačko-moslavačka županija","pop":1510},{"name":"Lekenik","slug":"lekenik","type":"opcina","county":"Sisačko-moslavačka županija","pop":5308},{"name":"Lipovljani","slug":"lipovljani","type":"opcina","county":"Sisačko-moslavačka županija","pop":2876},{"name":"Majur","slug":"majur","type":"opcina","county":"Sisačko-moslavačka županija","pop":923},{"name":"Martinska Ves","slug":"martinska-ves","type":"opcina","county":"Sisačko-moslavačka županija","pop":3043},{"name":"Sunja","slug":"sunja","type":"opcina","county":"Sisačko-moslavačka županija","pop":4221},{"name":"Topusko","slug":"topusko","type":"opcina","county":"Sisačko-moslavačka županija","pop":2240},{"name":"Velika Ludina","slug":"velika-ludina","type":"opcina","county":"Sisačko-moslavačka županija","pop":2628},{"name":"Barilović","slug":"barilovic","type":"opcina","county":"Karlovačka županija","pop":2237},{"name":"Bosiljevo","slug":"bosiljevo","type":"opcina","county":"Karlovačka županija","pop":989},{"name":"Cetingrad","slug":"cetingrad","type":"opcina","county":"Karlovačka županija","pop":1516},{"name":"Draganić","slug":"draganic","type":"opcina","county":"Karlovačka županija","pop":2498},{"name":"Generalski Stol","slug":"generalski-stol","type":"opcina","county":"Karlovačka županija","pop":2072},{"name":"Josipdol","slug":"josipdol","type":"opcina","county":"Karlovačka županija","pop":3099},{"name":"Kamanje","slug":"kamanje","type":"opcina","county":"Karlovačka županija","pop":768},{"name":"Krnjak","slug":"krnjak","type":"opcina","county":"Karlovačka županija","pop":1295},{"name":"Lasinja","slug":"lasinja","type":"opcina","county":"Karlovačka županija","pop":1291},{"name":"Netretić","slug":"netretic","type":"opcina","county":"Karlovačka županija","pop":2258},{"name":"Plaški","slug":"plaski","type":"opcina","county":"Karlovačka županija","pop":1571},{"name":"Rakovica","slug":"rakovica","type":"opcina","county":"Karlovačka županija","pop":2006},{"name":"Ribnik","slug":"ribnik","type":"opcina","county":"Karlovačka županija","pop":390},{"name":"Saborsko","slug":"saborsko","type":"opcina","county":"Karlovačka županija","pop":538},{"name":"Tounj","slug":"tounj","type":"opcina","county":"Karlovačka županija","pop":980},{"name":"Vojnić","slug":"vojnic","type":"opcina","county":"Karlovačka županija","pop":3554},{"name":"Žakanje","slug":"zakanje","type":"opcina","county":"Karlovačka županija","pop":1633},{"name":"Bednja","slug":"bednja","type":"opcina","county":"Varaždinska županija","pop":2838},{"name":"Beretinec","slug":"beretinec","type":"opcina","county":"Varaždinska županija","pop":2070},{"name":"Breznica","slug":"breznica","type":"opcina","county":"Varaždinska županija","pop":1861},{"name":"Breznički Hum","slug":"breznicki-hum","type":"opcina","county":"Varaždinska županija","pop":1223},{"name":"Cestica","slug":"cestica","type":"opcina","county":"Varaždinska županija","pop":4757},{"name":"Donja Voća","slug":"donja-voca","type":"opcina","county":"Varaždinska županija","pop":2099},{"name":"Jalžabet","slug":"jalzabet","type":"opcina","county":"Varaždinska županija","pop":3088},{"name":"Klenovnik","slug":"klenovnik","type":"opcina","county":"Varaždinska županija","pop":1744},{"name":"Maruševec","slug":"marusevec","type":"opcina","county":"Varaždinska županija","pop":5318},{"name":"Petrijanec","slug":"petrijanec","type":"opcina","county":"Varaždinska županija","pop":4223},{"name":"Sračinec","slug":"sracinec","type":"opcina","county":"Varaždinska županija","pop":4653},{"name":"Sveti Đurđ","slug":"sveti-durd","type":"opcina","county":"Varaždinska županija","pop":3358},{"name":"Sveti Ilija","slug":"sveti-ilija","type":"opcina","county":"Varaždinska županija","pop":3161},{"name":"Trnovec Bartolovečki","slug":"trnovec-bartolovecki","type":"opcina","county":"Varaždinska županija","pop":6456},{"name":"Vidovec","slug":"vidovec","type":"opcina","county":"Varaždinska županija","pop":4881},{"name":"Vinica","slug":"vinica","type":"opcina","county":"Varaždinska županija","pop":3108},{"name":"Visoko","slug":"visoko","type":"opcina","county":"Varaždinska županija","pop":1302},{"name":"Veliki Bukovec","slug":"veliki-bukovec","type":"opcina","county":"Varaždinska županija","pop":1281},{"name":"Mali Bukovec","slug":"mali-bukovec","type":"opcina","county":"Varaždinska županija","pop":1956},{"name":"Gornji Kneginec","slug":"gornji-kneginec","type":"opcina","county":"Varaždinska županija","pop":5106},{"name":"Ljubešćica","slug":"ljubescica","type":"opcina","county":"Varaždinska županija","pop":1553},{"name":"Martijanec","slug":"martijanec","type":"opcina","county":"Varaždinska županija","pop":3349},{"name":"Drnje","slug":"drnje","type":"opcina","county":"Koprivničko-križevačka županija","pop":1645},{"name":"Đelekovec","slug":"delekovec","type":"opcina","county":"Koprivničko-križevačka županija","pop":1189},{"name":"Ferdinandovac","slug":"ferdinandovac","type":"opcina","county":"Koprivničko-križevačka županija","pop":1312},{"name":"Gola","slug":"gola","type":"opcina","county":"Koprivničko-križevačka županija","pop":1717},{"name":"Gornja Rijeka","slug":"gornja-rijeka","type":"opcina","county":"Koprivničko-križevačka županija","pop":1389},{"name":"Hlebine","slug":"hlebine","type":"opcina","county":"Koprivničko-križevačka županija","pop":985},{"name":"Kalinovac","slug":"kalinovac","type":"opcina","county":"Koprivničko-križevačka županija","pop":1286},{"name":"Kalnik","slug":"kalnik","type":"opcina","county":"Koprivničko-križevačka županija","pop":1076},{"name":"Kloštar Podravski","slug":"klostar-podravski","type":"opcina","county":"Koprivničko-križevačka županija","pop":2699},{"name":"Koprivnički Bregi","slug":"koprivnicki-bregi","type":"opcina","county":"Koprivničko-križevačka županija","pop":2024},{"name":"Koprivnički Ivanec","slug":"koprivnicki-ivanec","type":"opcina","county":"Koprivničko-križevačka županija","pop":1892},{"name":"Legrad","slug":"legrad","type":"opcina","county":"Koprivničko-križevačka županija","pop":1559},{"name":"Molve","slug":"molve","type":"opcina","county":"Koprivničko-križevačka županija","pop":1817},{"name":"Novigrad Podravski","slug":"novigrad-podravski","type":"opcina","county":"Koprivničko-križevačka županija","pop":2475},{"name":"Novo Virje","slug":"novo-virje","type":"opcina","county":"Koprivničko-križevačka županija","pop":854},{"name":"Peteranec","slug":"peteranec","type":"opcina","county":"Koprivničko-križevačka županija","pop":2357},{"name":"Podravske Sesvete","slug":"podravske-sesvete","type":"opcina","county":"Koprivničko-križevačka županija","pop":1312},{"name":"Rasinja","slug":"rasinja","type":"opcina","county":"Koprivničko-križevačka županija","pop":2781},{"name":"Sokolovac","slug":"sokolovac","type":"opcina","county":"Koprivničko-križevačka županija","pop":2596},{"name":"Sveti Ivan Žabno","slug":"sveti-ivan-zabno","type":"opcina","county":"Koprivničko-križevačka županija","pop":2649},{"name":"Sveti Petar Orehovec","slug":"sveti-petar-orehovec","type":"opcina","county":"Koprivničko-križevačka županija","pop":3765},{"name":"Virje","slug":"virje","type":"opcina","county":"Koprivničko-križevačka županija","pop":3604},{"name":"Berek","slug":"berek","type":"opcina","county":"Bjelovarsko-bilogorska županija","pop":1297},{"name":"Dežanovac","slug":"dezanovac","type":"opcina","county":"Bjelovarsko-bilogorska županija","pop":2133},{"name":"Đulovac","slug":"dulovac","type":"opcina","county":"Bjelovarsko-bilogorska županija","pop":2905},{"name":"Hercegovac","slug":"hercegovac","type":"opcina","county":"Bjelovarsko-bilogorska županija","pop":1846},{"name":"Ivanska","slug":"ivanska","type":"opcina","county":"Bjelovarsko-bilogorska županija","pop":2159},{"name":"Kapela","slug":"kapela","type":"opcina","county":"Bjelovarsko-bilogorska županija","pop":2475},{"name":"Končanica","slug":"koncanica","type":"opcina","county":"Bjelovarsko-bilogorska županija","pop":1562},{"name":"Nova Rača","slug":"nova-raca","type":"opcina","county":"Bjelovarsko-bilogorska županija","pop":2908},{"name":"Rovišće","slug":"rovisce","type":"opcina","county":"Bjelovarsko-bilogorska županija","pop":4317},{"name":"Severin","slug":"severin","type":"opcina","county":"Bjelovarsko-bilogorska županija","pop":683},{"name":"Sirač","slug":"sirac","type":"opcina","county":"Bjelovarsko-bilogorska županija","pop":1712},{"name":"Šandrovac","slug":"sandrovac","type":"opcina","county":"Bjelovarsko-bilogorska županija","pop":1515},{"name":"Štefanje","slug":"stefanje","type":"opcina","county":"Bjelovarsko-bilogorska županija","pop":1571},{"name":"Velika Pisanica","slug":"velika-pisanica","type":"opcina","county":"Bjelovarsko-bilogorska županija","pop":1278},{"name":"Velika Trnovitica","slug":"velika-trnovitica","type":"opcina","county":"Bjelovarsko-bilogorska županija","pop":1031},{"name":"Veliki Grđevac","slug":"veliki-grdevac","type":"opcina","county":"Bjelovarsko-bilogorska županija","pop":2306},{"name":"Veliko Trojstvo","slug":"veliko-trojstvo","type":"opcina","county":"Bjelovarsko-bilogorska županija","pop":2331},{"name":"Zrinski Topolovac","slug":"zrinski-topolovac","type":"opcina","county":"Bjelovarsko-bilogorska županija","pop":613},{"name":"Baška","slug":"baska","type":"opcina","county":"Primorsko-goranska županija","pop":1520},{"name":"Brod Moravice","slug":"brod-moravice","type":"opcina","county":"Primorsko-goranska županija","pop":659},{"name":"Čavle","slug":"cavle","type":"opcina","county":"Primorsko-goranska županija","pop":6957},{"name":"Dobrinj","slug":"dobrinj","type":"opcina","county":"Primorsko-goranska županija","pop":1970},{"name":"Fužine","slug":"fuzine","type":"opcina","county":"Primorsko-goranska županija","pop":1297},{"name":"Jelenje","slug":"jelenje","type":"opcina","county":"Primorsko-goranska županija","pop":5068},{"name":"Klana","slug":"klana","type":"opcina","county":"Primorsko-goranska županija","pop":1699},{"name":"Kostrena","slug":"kostrena","type":"opcina","county":"Primorsko-goranska županija","pop":4174},{"name":"Lokve","slug":"lokve","type":"opcina","county":"Primorsko-goranska županija","pop":770},{"name":"Lovran","slug":"lovran","type":"opcina","county":"Primorsko-goranska županija","pop":3673},{"name":"Malinska-Dubašnica","slug":"malinska-dubasnica","type":"opcina","county":"Primorsko-goranska županija","pop":3183},{"name":"Matulji","slug":"matulji","type":"opcina","county":"Primorsko-goranska županija","pop":10817},{"name":"Mošćenička Draga","slug":"moscenicka-draga","type":"opcina","county":"Primorsko-goranska županija","pop":1412},{"name":"Mrkopalj","slug":"mrkopalj","type":"opcina","county":"Primorsko-goranska županija","pop":934},{"name":"Omišalj","slug":"omisalj","type":"opcina","county":"Primorsko-goranska županija","pop":2907},{"name":"Punat","slug":"punat","type":"opcina","county":"Primorsko-goranska županija","pop":1826},{"name":"Ravna Gora","slug":"ravna-gora","type":"opcina","county":"Primorsko-goranska županija","pop":1867},{"name":"Skrad","slug":"skrad","type":"opcina","county":"Primorsko-goranska županija","pop":819},{"name":"Vinodolska Općina","slug":"vinodolska-opcina","type":"opcina","county":"Primorsko-goranska županija","pop":3422},{"name":"Viškovo","slug":"viskovo","type":"opcina","county":"Primorsko-goranska županija","pop":16067},{"name":"Vrbnik","slug":"vrbnik","type":"opcina","county":"Primorsko-goranska županija","pop":1014},{"name":"Bakar","slug":"bakar","type":"opcina","county":"Primorsko-goranska županija","pop":7604},{"name":"Brinje","slug":"brinje","type":"opcina","county":"Ličko-senjska županija","pop":2768},{"name":"Donji Lapac","slug":"donji-lapac","type":"opcina","county":"Ličko-senjska županija","pop":1716},{"name":"Karlobag","slug":"karlobag","type":"opcina","county":"Ličko-senjska županija","pop":674},{"name":"Lovinac","slug":"lovinac","type":"opcina","county":"Ličko-senjska županija","pop":800},{"name":"Perušić","slug":"perusic","type":"opcina","county":"Ličko-senjska županija","pop":2043},{"name":"Plitvička Jezera","slug":"plitvicka-jezera","type":"opcina","county":"Ličko-senjska županija","pop":3491},{"name":"Udbina","slug":"udbina","type":"opcina","county":"Ličko-senjska županija","pop":1543},{"name":"Vrhovine","slug":"vrhovine","type":"opcina","county":"Ličko-senjska županija","pop":904},{"name":"Crnac","slug":"crnac","type":"opcina","county":"Virovitičko-podravska županija","pop":1185},{"name":"Čačinci","slug":"cacinci","type":"opcina","county":"Virovitičko-podravska županija","pop":1764},{"name":"Čađavica","slug":"cadavica","type":"opcina","county":"Virovitičko-podravska županija","pop":1614},{"name":"Gradina","slug":"gradina","type":"opcina","county":"Virovitičko-podravska županija","pop":2571},{"name":"Lukač","slug":"lukac","type":"opcina","county":"Virovitičko-podravska županija","pop":3044},{"name":"Mikleuš","slug":"mikleus","type":"opcina","county":"Virovitičko-podravska županija","pop":1166},{"name":"Nova Bukovica","slug":"nova-bukovica","type":"opcina","county":"Virovitičko-podravska županija","pop":1399},{"name":"Pitomača","slug":"pitomaca","type":"opcina","county":"Virovitičko-podravska županija","pop":7625},{"name":"Sopje","slug":"sopje","type":"opcina","county":"Virovitičko-podravska županija","pop":1653},{"name":"Suhopolje","slug":"suhopolje","type":"opcina","county":"Virovitičko-podravska županija","pop":5138},{"name":"Špišić Bukovica","slug":"spisic-bukovica","type":"opcina","county":"Virovitičko-podravska županija","pop":3561},{"name":"Voćin","slug":"vocin","type":"opcina","county":"Virovitičko-podravska županija","pop":1901},{"name":"Zdenci","slug":"zdenci","type":"opcina","county":"Virovitičko-podravska županija","pop":1318},{"name":"Brestovac","slug":"brestovac","type":"opcina","county":"Požeško-slavonska županija","pop":2846},{"name":"Čaglin","slug":"caglin","type":"opcina","county":"Požeško-slavonska županija","pop":1823},{"name":"Jakšić","slug":"jaksic","type":"opcina","county":"Požeško-slavonska županija","pop":3292},{"name":"Kaptol","slug":"kaptol","type":"opcina","county":"Požeško-slavonska županija","pop":2584},{"name":"Velika","slug":"velika","type":"opcina","county":"Požeško-slavonska županija","pop":4607},{"name":"Bebrina","slug":"bebrina","type":"opcina","county":"Brodsko-posavska županija","pop":2398},{"name":"Brodski Stupnik","slug":"brodski-stupnik","type":"opcina","county":"Brodsko-posavska županija","pop":2678},{"name":"Bukovlje","slug":"bukovlje","type":"opcina","county":"Brodsko-posavska županija","pop":3128},{"name":"Cernik","slug":"cernik","type":"opcina","county":"Brodsko-posavska županija","pop":2765},{"name":"Davor","slug":"davor","type":"opcina","county":"Brodsko-posavska županija","pop":2530},{"name":"Donji Andrijevci","slug":"donji-andrijevci","type":"opcina","county":"Brodsko-posavska županija","pop":2856},{"name":"Dragalić","slug":"dragalic","type":"opcina","county":"Brodsko-posavska županija","pop":1092},{"name":"Garčin","slug":"garcin","type":"opcina","county":"Brodsko-posavska županija","pop":3756},{"name":"Gornja Vrba","slug":"gornja-vrba","type":"opcina","county":"Brodsko-posavska županija","pop":1481},{"name":"Gornji Bogićevci","slug":"gornji-bogicevci","type":"opcina","county":"Brodsko-posavska županija","pop":1049},{"name":"Gundinci","slug":"gundinci","type":"opcina","county":"Brodsko-posavska županija","pop":1705},{"name":"Klakar","slug":"klakar","type":"opcina","county":"Brodsko-posavska županija","pop":2762},{"name":"Okučani","slug":"okucani","type":"opcina","county":"Brodsko-posavska županija","pop":2889},{"name":"Oprisavci","slug":"oprisavci","type":"opcina","county":"Brodsko-posavska županija","pop":1806},{"name":"Oriovac","slug":"oriovac","type":"opcina","county":"Brodsko-posavska županija","pop":4563},{"name":"Podcrkavlje","slug":"podcrkavlje","type":"opcina","county":"Brodsko-posavska županija","pop":1712},{"name":"Rešetari","slug":"resetari","type":"opcina","county":"Brodsko-posavska županija","pop":3534},{"name":"Sibinj","slug":"sibinj","type":"opcina","county":"Brodsko-posavska županija","pop":5823},{"name":"Sikirevci","slug":"sikirevci","type":"opcina","county":"Brodsko-posavska županija","pop":1653},{"name":"Slavonski Šamac","slug":"slavonski-samac","type":"opcina","county":"Brodsko-posavska županija","pop":1730},{"name":"Stara Gradiška","slug":"stara-gradiska","type":"opcina","county":"Brodsko-posavska županija","pop":1128},{"name":"Staro Petrovo Selo","slug":"staro-petrovo-selo","type":"opcina","county":"Brodsko-posavska županija","pop":4148},{"name":"Velika Kopanica","slug":"velika-kopanica","type":"opcina","county":"Brodsko-posavska županija","pop":2589},{"name":"Vrbje","slug":"vrbje","type":"opcina","county":"Brodsko-posavska županija","pop":1932},{"name":"Vrpolje","slug":"vrpolje","type":"opcina","county":"Brodsko-posavska županija","pop":2641},{"name":"Nova Kapela","slug":"nova-kapela","type":"opcina","county":"Brodsko-posavska županija","pop":3524},{"name":"Bibinje","slug":"bibinje","type":"opcina","county":"Zadarska županija","pop":3906},{"name":"Galovac","slug":"galovac","type":"opcina","county":"Zadarska županija","pop":1162},{"name":"Gračac","slug":"gracac","type":"opcina","county":"Zadarska županija","pop":2978},{"name":"Jasenice","slug":"jasenice","type":"opcina","county":"Zadarska županija","pop":1287},{"name":"Kali","slug":"kali","type":"opcina","county":"Zadarska županija","pop":1596},{"name":"Kukljica","slug":"kukljica","type":"opcina","county":"Zadarska županija","pop":550},{"name":"Lišane Ostrovičke","slug":"lisane-ostrovicke","type":"opcina","county":"Zadarska županija","pop":563},{"name":"Novigrad","slug":"novigrad","type":"opcina","county":"Zadarska županija","pop":1878},{"name":"Pakoštane","slug":"pakostane","type":"opcina","county":"Zadarska županija","pop":3944},{"name":"Pašman","slug":"pasman","type":"opcina","county":"Zadarska županija","pop":1972},{"name":"Poličnik","slug":"policnik","type":"opcina","county":"Zadarska županija","pop":4605},{"name":"Polača","slug":"polaca","type":"opcina","county":"Zadarska županija","pop":1282},{"name":"Posedarje","slug":"posedarje","type":"opcina","county":"Zadarska županija","pop":3228},{"name":"Povljana","slug":"povljana","type":"opcina","county":"Zadarska županija","pop":574},{"name":"Privlaka","slug":"privlaka-zadar","type":"opcina","county":"Zadarska županija","pop":2189},{"name":"Ražanac","slug":"razanac","type":"opcina","county":"Zadarska županija","pop":2703},{"name":"Sali","slug":"sali","type":"opcina","county":"Zadarska županija","pop":1337},{"name":"Stankovci","slug":"stankovci","type":"opcina","county":"Zadarska županija","pop":1818},{"name":"Starigrad","slug":"starigrad","type":"opcina","county":"Zadarska županija","pop":1659},{"name":"Sukošan","slug":"sukosan","type":"opcina","county":"Zadarska županija","pop":4421},{"name":"Sveti Filip i Jakov","slug":"sveti-filip-i-jakov","type":"opcina","county":"Zadarska županija","pop":4606},{"name":"Škabrnja","slug":"skabrnja","type":"opcina","county":"Zadarska županija","pop":1735},{"name":"Tkon","slug":"tkon","type":"opcina","county":"Zadarska županija","pop":589},{"name":"Vir","slug":"vir","type":"opcina","county":"Zadarska županija","pop":3000},{"name":"Vrsi","slug":"vrsi","type":"opcina","county":"Zadarska županija","pop":2025},{"name":"Zemunik Donji","slug":"zemunik-donji","type":"opcina","county":"Zadarska županija","pop":2213},{"name":"Kolan","slug":"kolan","type":"opcina","county":"Zadarska županija","pop":741},{"name":"Ljubač","slug":"ljubac","type":"opcina","county":"Zadarska županija","pop":1483},{"name":"Antunovac","slug":"antunovac","type":"opcina","county":"Osječko-baranjska županija","pop":3320},{"name":"Bilje","slug":"bilje","type":"opcina","county":"Osječko-baranjska županija","pop":5037},{"name":"Bizovac","slug":"bizovac","type":"opcina","county":"Osječko-baranjska županija","pop":3676},{"name":"Čeminac","slug":"ceminac","type":"opcina","county":"Osječko-baranjska županija","pop":2418},{"name":"Čepin","slug":"cepin","type":"opcina","county":"Osječko-baranjska županija","pop":10048},{"name":"Darda","slug":"darda","type":"opcina","county":"Osječko-baranjska županija","pop":5802},{"name":"Draž","slug":"draz","type":"opcina","county":"Osječko-baranjska županija","pop":2284},{"name":"Erdut","slug":"erdut","type":"opcina","county":"Osječko-baranjska županija","pop":5679},{"name":"Ernestinovo","slug":"ernestinovo","type":"opcina","county":"Osječko-baranjska županija","pop":2764},{"name":"Feričanci","slug":"fericanci","type":"opcina","county":"Osječko-baranjska županija","pop":1781},{"name":"Gorjani","slug":"gorjani","type":"opcina","county":"Osječko-baranjska županija","pop":1257},{"name":"Jagodnjak","slug":"jagodnjak","type":"opcina","county":"Osječko-baranjska županija","pop":1753},{"name":"Kneževi Vinogradi","slug":"knezevi-vinogradi","type":"opcina","county":"Osječko-baranjska županija","pop":3534},{"name":"Koška","slug":"koska","type":"opcina","county":"Osječko-baranjska županija","pop":2861},{"name":"Levanjska Varoš","slug":"levanjska-varos","type":"opcina","county":"Osječko-baranjska županija","pop":1009},{"name":"Magadenovac","slug":"magadenovac","type":"opcina","county":"Osječko-baranjska županija","pop":1583},{"name":"Marijanci","slug":"marijanci","type":"opcina","county":"Osječko-baranjska županija","pop":2174},{"name":"Petlovac","slug":"petlovac","type":"opcina","county":"Osječko-baranjska županija","pop":2041},{"name":"Petrijevci","slug":"petrijevci","type":"opcina","county":"Osječko-baranjska županija","pop":2397},{"name":"Podgorač","slug":"podgorac","type":"opcina","county":"Osječko-baranjska županija","pop":2101},{"name":"Podravska Moslavina","slug":"podravska-moslavina","type":"opcina","county":"Osječko-baranjska županija","pop":1035},{"name":"Popovac","slug":"popovac","type":"opcina","county":"Osječko-baranjska županija","pop":1794},{"name":"Punitovci","slug":"punitovci","type":"opcina","county":"Osječko-baranjska županija","pop":1415},{"name":"Satnica Đakovačka","slug":"satnica-dakovacka","type":"opcina","county":"Osječko-baranjska županija","pop":1623},{"name":"Semeljci","slug":"semeljci","type":"opcina","county":"Osječko-baranjska županija","pop":3543},{"name":"Strizivojna","slug":"strizivojna","type":"opcina","county":"Osječko-baranjska županija","pop":2074},{"name":"Šodolovci","slug":"sodolovci","type":"opcina","county":"Osječko-baranjska županija","pop":1220},{"name":"Trnava","slug":"trnava","type":"opcina","county":"Osječko-baranjska županija","pop":1428},{"name":"Viljevo","slug":"viljevo","type":"opcina","county":"Osječko-baranjska županija","pop":1619},{"name":"Viškovci","slug":"viskovci","type":"opcina","county":"Osječko-baranjska županija","pop":1627},{"name":"Vladislavci","slug":"vladislavci","type":"opcina","county":"Osječko-baranjska županija","pop":1691},{"name":"Vuka","slug":"vuka","type":"opcina","county":"Osječko-baranjska županija","pop":1169},{"name":"Đurđenovac","slug":"durdenovac","type":"opcina","county":"Osječko-baranjska županija","pop":5534},{"name":"Drenje","slug":"drenje","type":"opcina","county":"Osječko-baranjska županija","pop":2127},{"name":"Donja Motičina","slug":"donja-moticina","type":"opcina","county":"Osječko-baranjska županija","pop":1340},{"name":"Bilice","slug":"bilice","type":"opcina","county":"Šibensko-kninska županija","pop":2467},{"name":"Biskupija","slug":"biskupija","type":"opcina","county":"Šibensko-kninska županija","pop":2676},{"name":"Civljane","slug":"civljane","type":"opcina","county":"Šibensko-kninska županija","pop":137},{"name":"Ervenik","slug":"ervenik","type":"opcina","county":"Šibensko-kninska županija","pop":615},{"name":"Kijevo","slug":"kijevo","type":"opcina","county":"Šibensko-kninska županija","pop":448},{"name":"Kistanje","slug":"kistanje","type":"opcina","county":"Šibensko-kninska županija","pop":2709},{"name":"Murter-Kornati","slug":"murter-kornati","type":"opcina","county":"Šibensko-kninska županija","pop":1883},{"name":"Pirovac","slug":"pirovac","type":"opcina","county":"Šibensko-kninska županija","pop":1810},{"name":"Primošten","slug":"primosten","type":"opcina","county":"Šibensko-kninska županija","pop":2787},{"name":"Promina","slug":"promina","type":"opcina","county":"Šibensko-kninska županija","pop":838},{"name":"Rogoznica","slug":"rogoznica","type":"opcina","county":"Šibensko-kninska županija","pop":2286},{"name":"Ružić","slug":"ruzic","type":"opcina","county":"Šibensko-kninska županija","pop":1162},{"name":"Tisno","slug":"tisno","type":"opcina","county":"Šibensko-kninska županija","pop":2897},{"name":"Tribunj","slug":"tribunj","type":"opcina","county":"Šibensko-kninska županija","pop":1519},{"name":"Unešić","slug":"unesic","type":"opcina","county":"Šibensko-kninska županija","pop":1554},{"name":"Andrijaševci","slug":"andrijasevci","type":"opcina","county":"Vukovarsko-srijemska županija","pop":3058},{"name":"Babina Greda","slug":"babina-greda","type":"opcina","county":"Vukovarsko-srijemska županija","pop":2770},{"name":"Bogdanovci","slug":"bogdanovci","type":"opcina","county":"Vukovarsko-srijemska županija","pop":1564},{"name":"Borovo","slug":"borovo","type":"opcina","county":"Vukovarsko-srijemska županija","pop":3714},{"name":"Bošnjaci","slug":"bosnjaci","type":"opcina","county":"Vukovarsko-srijemska županija","pop":2780},{"name":"Cerna","slug":"cerna","type":"opcina","county":"Vukovarsko-srijemska županija","pop":3425},{"name":"Drenovci","slug":"drenovci","type":"opcina","county":"Vukovarsko-srijemska županija","pop":3624},{"name":"Gradište","slug":"gradiste","type":"opcina","county":"Vukovarsko-srijemska županija","pop":2215},{"name":"Gunja","slug":"gunja","type":"opcina","county":"Vukovarsko-srijemska županija","pop":2869},{"name":"Ivankovo","slug":"ivankovo","type":"opcina","county":"Vukovarsko-srijemska županija","pop":6284},{"name":"Jarmina","slug":"jarmina","type":"opcina","county":"Vukovarsko-srijemska županija","pop":1934},{"name":"Lovas","slug":"lovas","type":"opcina","county":"Vukovarsko-srijemska županija","pop":860},{"name":"Markušica","slug":"markusica","type":"opcina","county":"Vukovarsko-srijemska županija","pop":2095},{"name":"Negoslavci","slug":"negoslavci","type":"opcina","county":"Vukovarsko-srijemska županija","pop":1034},{"name":"Nijemci","slug":"nijemci","type":"opcina","county":"Vukovarsko-srijemska županija","pop":3078},{"name":"Nuštar","slug":"nustar","type":"opcina","county":"Vukovarsko-srijemska županija","pop":4682},{"name":"Privlaka","slug":"privlaka-vukovar","type":"opcina","county":"Vukovarsko-srijemska županija","pop":2243},{"name":"Stari Jankovci","slug":"stari-jankovci","type":"opcina","county":"Vukovarsko-srijemska županija","pop":3249},{"name":"Stari Mikanovci","slug":"stari-mikanovci","type":"opcina","county":"Vukovarsko-srijemska županija","pop":2313},{"name":"Štitar","slug":"stitar","type":"opcina","county":"Vukovarsko-srijemska županija","pop":1730},{"name":"Tompojevci","slug":"tompojevci","type":"opcina","county":"Vukovarsko-srijemska županija","pop":1059},{"name":"Tordinci","slug":"tordinci","type":"opcina","county":"Vukovarsko-srijemska županija","pop":1667},{"name":"Tovarnik","slug":"tovarnik","type":"opcina","county":"Vukovarsko-srijemska županija","pop":1908},{"name":"Trpinja","slug":"trpinja","type":"opcina","county":"Vukovarsko-srijemska županija","pop":4076},{"name":"Vođinci","slug":"vodinci","type":"opcina","county":"Vukovarsko-srijemska županija","pop":1502},{"name":"Vrbanja","slug":"vrbanja","type":"opcina","county":"Vukovarsko-srijemska županija","pop":2756},{"name":"Baška Voda","slug":"baska-voda","type":"opcina","county":"Splitsko-dalmatinska županija","pop":2654},{"name":"Bol","slug":"bol","type":"opcina","county":"Splitsko-dalmatinska županija","pop":1534},{"name":"Brela","slug":"brela","type":"opcina","county":"Splitsko-dalmatinska županija","pop":1647},{"name":"Cista Provo","slug":"cista-provo","type":"opcina","county":"Splitsko-dalmatinska županija","pop":2044},{"name":"Dicmo","slug":"dicmo","type":"opcina","county":"Splitsko-dalmatinska županija","pop":2635},{"name":"Dugi Rat","slug":"dugi-rat","type":"opcina","county":"Splitsko-dalmatinska županija","pop":6955},{"name":"Dugopolje","slug":"dugopolje","type":"opcina","county":"Splitsko-dalmatinska županija","pop":3646},{"name":"Gradac","slug":"gradac","type":"opcina","county":"Splitsko-dalmatinska županija","pop":2701},{"name":"Hrvace","slug":"hrvace","type":"opcina","county":"Splitsko-dalmatinska županija","pop":3144},{"name":"Jelsa","slug":"jelsa","type":"opcina","county":"Splitsko-dalmatinska županija","pop":3285},{"name":"Klis","slug":"klis","type":"opcina","county":"Splitsko-dalmatinska županija","pop":4601},{"name":"Lećevica","slug":"lecevica","type":"opcina","county":"Splitsko-dalmatinska županija","pop":461},{"name":"Lokvičići","slug":"lokvicici","type":"opcina","county":"Splitsko-dalmatinska županija","pop":636},{"name":"Lovreć","slug":"lovrec","type":"opcina","county":"Splitsko-dalmatinska županija","pop":1446},{"name":"Marina","slug":"marina","type":"opcina","county":"Splitsko-dalmatinska županija","pop":4267},{"name":"Milna","slug":"milna","type":"opcina","county":"Splitsko-dalmatinska županija","pop":967},{"name":"Muć","slug":"muc","type":"opcina","county":"Splitsko-dalmatinska županija","pop":3456},{"name":"Nerežišća","slug":"nerezisca","type":"opcina","county":"Splitsko-dalmatinska županija","pop":772},{"name":"Okrug","slug":"okrug","type":"opcina","county":"Splitsko-dalmatinska županija","pop":3274},{"name":"Otok","slug":"otok","type":"opcina","county":"Splitsko-dalmatinska županija","pop":4741},{"name":"Podbablje","slug":"podbablje","type":"opcina","county":"Splitsko-dalmatinska županija","pop":3645},{"name":"Podgora","slug":"podgora","type":"opcina","county":"Splitsko-dalmatinska županija","pop":2213},{"name":"Podstrana","slug":"podstrana","type":"opcina","county":"Splitsko-dalmatinska županija","pop":11137},{"name":"Postira","slug":"postira","type":"opcina","county":"Splitsko-dalmatinska županija","pop":1391},{"name":"Prgomet","slug":"prgomet","type":"opcina","county":"Splitsko-dalmatinska županija","pop":614},{"name":"Primorski Dolac","slug":"primorski-dolac","type":"opcina","county":"Splitsko-dalmatinska županija","pop":660},{"name":"Proložac","slug":"prolozac","type":"opcina","county":"Splitsko-dalmatinska županija","pop":3301},{"name":"Pučišća","slug":"pucisca","type":"opcina","county":"Splitsko-dalmatinska županija","pop":1981},{"name":"Runovići","slug":"runovici","type":"opcina","county":"Splitsko-dalmatinska županija","pop":2115},{"name":"Seget","slug":"seget","type":"opcina","county":"Splitsko-dalmatinska županija","pop":4557},{"name":"Selca","slug":"selca","type":"opcina","county":"Splitsko-dalmatinska županija","pop":1580},{"name":"Sućuraj","slug":"sucuraj","type":"opcina","county":"Splitsko-dalmatinska županija","pop":334},{"name":"Sutivan","slug":"sutivan","type":"opcina","county":"Splitsko-dalmatinska županija","pop":750},{"name":"Šestanovac","slug":"sestanovac","type":"opcina","county":"Splitsko-dalmatinska županija","pop":1783},{"name":"Šolta","slug":"solta","type":"opcina","county":"Splitsko-dalmatinska županija","pop":1479},{"name":"Tučepi","slug":"tucepi","type":"opcina","county":"Splitsko-dalmatinska županija","pop":1793},{"name":"Zadvarje","slug":"zadvarje","type":"opcina","county":"Splitsko-dalmatinska županija","pop":230},{"name":"Zagvozd","slug":"zagvozd","type":"opcina","county":"Splitsko-dalmatinska županija","pop":859},{"name":"Zmijavci","slug":"zmijavci","type":"opcina","county":"Splitsko-dalmatinska županija","pop":1982},{"name":"Bale","slug":"bale","type":"opcina","county":"Istarska županija","pop":1117},{"name":"Barban","slug":"barban","type":"opcina","county":"Istarska županija","pop":2534},{"name":"Brtonigla","slug":"brtonigla","type":"opcina","county":"Istarska županija","pop":1677},{"name":"Cerovlje","slug":"cerovlje","type":"opcina","county":"Istarska županija","pop":1547},{"name":"Fažana","slug":"fazana","type":"opcina","county":"Istarska županija","pop":3766},{"name":"Funtana","slug":"funtana","type":"opcina","county":"Istarska županija","pop":963},{"name":"Gračišće","slug":"gracisce","type":"opcina","county":"Istarska županija","pop":1243},{"name":"Grožnjan","slug":"groznjan","type":"opcina","county":"Istarska županija","pop":610},{"name":"Kanfanar","slug":"kanfanar","type":"opcina","county":"Istarska županija","pop":1509},{"name":"Karojba","slug":"karojba","type":"opcina","county":"Istarska županija","pop":1285},{"name":"Kaštelir-Labinci","slug":"kastelir-labinci","type":"opcina","county":"Istarska županija","pop":1381},{"name":"Kršan","slug":"krsan","type":"opcina","county":"Istarska županija","pop":2620},{"name":"Lanišće","slug":"lanisce","type":"opcina","county":"Istarska županija","pop":241},{"name":"Ližnjan","slug":"liznjan","type":"opcina","county":"Istarska županija","pop":4020},{"name":"Lupoglav","slug":"lupoglav","type":"opcina","county":"Istarska županija","pop":746},{"name":"Marčana","slug":"marcana","type":"opcina","county":"Istarska županija","pop":4039},{"name":"Medulin","slug":"medulin","type":"opcina","county":"Istarska županija","pop":6481},{"name":"Motovun","slug":"motovun","type":"opcina","county":"Istarska županija","pop":981},{"name":"Oprtalj","slug":"oprtalj","type":"opcina","county":"Istarska županija","pop":613},{"name":"Pićan","slug":"pican","type":"opcina","county":"Istarska županija","pop":1723},{"name":"Raša","slug":"rasa","type":"opcina","county":"Istarska županija","pop":2576},{"name":"Sveta Nedelja","slug":"sveta-nedelja","type":"opcina","county":"Istarska županija","pop":2567},{"name":"Sveti Lovreč","slug":"sveti-lovrec","type":"opcina","county":"Istarska županija","pop":1042},{"name":"Sveti Petar u Šumi","slug":"sveti-petar-u-sumi","type":"opcina","county":"Istarska županija","pop":991},{"name":"Svetvinčenat","slug":"svetvincenat","type":"opcina","county":"Istarska županija","pop":2044},{"name":"Tar-Vabriga","slug":"tar-vabriga","type":"opcina","county":"Istarska županija","pop":1967},{"name":"Tinjan","slug":"tinjan","type":"opcina","county":"Istarska županija","pop":1555},{"name":"Višnjan","slug":"visnjan","type":"opcina","county":"Istarska županija","pop":2126},{"name":"Vižinada","slug":"vizinada","type":"opcina","county":"Istarska županija","pop":958},{"name":"Vrsar","slug":"vrsar","type":"opcina","county":"Istarska županija","pop":2080},{"name":"Žminj","slug":"zminj","type":"opcina","county":"Istarska županija","pop":3125},{"name":"Blato","slug":"blato","type":"opcina","county":"Dubrovačko-neretvanska županija","pop":3028},{"name":"Dubrovačko Primorje","slug":"dubrovacko-primorje","type":"opcina","county":"Dubrovačko-neretvanska županija","pop":1936},{"name":"Janjina","slug":"janjina","type":"opcina","county":"Dubrovačko-neretvanska županija","pop":413},{"name":"Konavle","slug":"konavle","type":"opcina","county":"Dubrovačko-neretvanska županija","pop":8267},{"name":"Kula Norinska","slug":"kula-norinska","type":"opcina","county":"Dubrovačko-neretvanska županija","pop":1495},{"name":"Lastovo","slug":"lastovo","type":"opcina","county":"Dubrovačko-neretvanska županija","pop":701},{"name":"Lumbarda","slug":"lumbarda","type":"opcina","county":"Dubrovačko-neretvanska županija","pop":1105},{"name":"Mljet","slug":"mljet","type":"opcina","county":"Dubrovačko-neretvanska županija","pop":1050},{"name":"Orebić","slug":"orebic","type":"opcina","county":"Dubrovačko-neretvanska županija","pop":3862},{"name":"Pojezerje","slug":"pojezerje","type":"opcina","county":"Dubrovačko-neretvanska županija","pop":826},{"name":"Slivno","slug":"slivno","type":"opcina","county":"Dubrovačko-neretvanska županija","pop":1571},{"name":"Smokvica","slug":"smokvica","type":"opcina","county":"Dubrovačko-neretvanska županija","pop":795},{"name":"Ston","slug":"ston","type":"opcina","county":"Dubrovačko-neretvanska županija","pop":2287},{"name":"Trpanj","slug":"trpanj","type":"opcina","county":"Dubrovačko-neretvanska županija","pop":577},{"name":"Vela Luka","slug":"vela-luka","type":"opcina","county":"Dubrovačko-neretvanska županija","pop":3923},{"name":"Zakotorac","slug":"zakotorac","type":"opcina","county":"Dubrovačko-neretvanska županija","pop":898},{"name":"Župa Dubrovačka","slug":"zupa-dubrovacka","type":"opcina","county":"Dubrovačko-neretvanska županija","pop":8373},{"name":"Belica","slug":"belica","type":"opcina","county":"Međimurska županija","pop":3060},{"name":"Dekanovec","slug":"dekanovec","type":"opcina","county":"Međimurska županija","pop":700},{"name":"Domašinec","slug":"domasinec","type":"opcina","county":"Međimurska županija","pop":1910},{"name":"Donja Dubrava","slug":"donja-dubrava","type":"opcina","county":"Međimurska županija","pop":1667},{"name":"Donji Kraljevec","slug":"donji-kraljevec","type":"opcina","county":"Međimurska županija","pop":4268},{"name":"Donji Vidovec","slug":"donji-vidovec","type":"opcina","county":"Međimurska županija","pop":1191},{"name":"Goričan","slug":"gorican","type":"opcina","county":"Međimurska županija","pop":2408},{"name":"Gornji Mihaljevec","slug":"gornji-mihaljevec","type":"opcina","county":"Međimurska županija","pop":1660},{"name":"Kotoriba","slug":"kotoriba","type":"opcina","county":"Međimurska županija","pop":2790},{"name":"Mala Subotica","slug":"mala-subotica","type":"opcina","county":"Međimurska županija","pop":5205},{"name":"Nedelišće","slug":"nedelisce","type":"opcina","county":"Međimurska županija","pop":10620},{"name":"Orehovica","slug":"orehovica","type":"opcina","county":"Međimurska županija","pop":2629},{"name":"Podturen","slug":"podturen","type":"opcina","county":"Međimurska županija","pop":3253},{"name":"Pribislavec","slug":"pribislavec","type":"opcina","county":"Međimurska županija","pop":3067},{"name":"Selnica","slug":"selnica","type":"opcina","county":"Međimurska županija","pop":2764},{"name":"Strahoninec","slug":"strahoninec","type":"opcina","county":"Međimurska županija","pop":2502},{"name":"Sveta Marija","slug":"sveta-marija","type":"opcina","county":"Međimurska županija","pop":1978},{"name":"Sveti Juraj na Bregu","slug":"sveti-juraj-na-bregu","type":"opcina","county":"Međimurska županija","pop":4842},{"name":"Sveti Martin na Muri","slug":"sveti-martin-na-muri","type":"opcina","county":"Međimurska županija","pop":2442},{"name":"Šenkovec","slug":"senkovec","type":"opcina","county":"Međimurska županija","pop":2774},{"name":"Štrigova","slug":"strigova","type":"opcina","county":"Međimurska županija","pop":2346},{"name":"Vratišinec","slug":"vratisinec","type":"opcina","county":"Međimurska županija","pop":1571}]